relationship_type,compatible_pairs,incompatible_pairs,avg_compatible_stability,avg_incompatible_stability,stability_difference,avg_compatible_harmony,avg_incompatible_harmony,stability_validation
friendship,990,990,0.4579950808319603,0.2605216472225211,0.1974734336094392,1.0,0.8944715160485057,True
mentorship,990,990,0.42825446139001033,0.24504138812979476,0.18321307326021558,1.0,0.8756836372606269,True
romantic,990,990,0.4579950808319603,0.2605216472225211,0.1974734336094392,1.0,0.9463402029171926,True
collaborative,990,990,0.4579950808319603,0.260521647222521,0.19747343360943925,1.0,0.8463402029171926,True
professional,990,990,0.5430655168283626,0.282823702842701,0.2602418139856616,1.0,0.8463402029171926,True
