gamma,avg_pattern_diversity,has_decoherence
0.0,0.06067282751389099,False
0.001,0.05854537875700894,True
0.005,0.05017263822908017,True
0.01,0.06184560567302449,True
