gamma,avg_pattern_diversity,has_decoherence
0.0,0.052940390668416576,False
0.001,0.058674261407162316,True
0.005,0.05683600457904601,True
0.01,0.06188512521167758,True
