num_entities,avg_n_way,avg_sequential,improvement_percent
3,0.5795777489329901,0.5544583071744908,4.530447363392828
5,0.7321886003917948,0.5928581007026528,23.501492098026176
7,0.6718856812227035,0.539271743862443,24.591300929367357
10,0.7508565412375269,0.5900423347560164,27.25468953816804
