num_entities,avg_n_way,avg_sequential,improvement_percent
3,0.6339188134810372,0.6133084533984994,3.360521115978512
5,0.7541590582956041,0.6123695700798708,23.154234818892107
7,0.7311528499054463,0.5836341942477881,25.275876072988897
10,0.681320752507246,0.5390761842769941,26.386728328766644
