scenario,noise_level,noise_type,accuracy,robustness,accuracy_loss
10% missing,0.1,missing,0.46915217366799383,0.8317296560604196,0.09491593458028663
20% missing,0.2,missing,0.38178487442807935,0.6768418012741695,0.18228323382020112
30% missing,0.3,missing,0.33337064483184675,0.5910113334844135,0.2306974634164337
Gaussian σ=0.1,0.1,gaussian,0.6239384091964267,1.1061401984488612,-0.05987030094814627
Gaussian σ=0.2,0.2,gaussian,0.8873250891445058,1.5730814704275755,-0.32325698089622534
