num_pairs,total_time_seconds,time_per_pair_ms,throughput_pairs_per_sec
100,0.00010013580322265625,0.0010013580322265625,998643.8095238095
500,0.0004382133483886719,0.0008764266967773438,1140996.7355821545
1000,0.0009329319000244141,0.0009329319000244141,1071889.5987733197
5000,0.004148960113525391,0.0008297920227050781,1205121.250430985
10000,0.009572029113769531,0.0009572029113769532,1044710.5708877154
