num_pairs,total_time_seconds,time_per_pair_ms,throughput_pairs_per_sec
100,0.0009777545928955078,0.009777545928955078,102275.1524018532
500,0.004730701446533203,0.009461402893066406,105692.57131337567
1000,0.009018182754516602,0.009018182754516602,110887.08526107072
5000,0.04681682586669922,0.009363365173339843,106799.20963109328
