threshold,threshold_value,initial_diversity,final_diversity,homogenization_rate,use_mechanisms,num_months
No limit,1.0,0.6952295423469005,0.09487226122287828,0.8635382194740804,False,6
18.36%,0.1836,0.6952295423469005,0.13324789900377626,0.808339705251925,False,6
20%,0.2,0.6952295423469005,0.11587725344594726,0.8333251877433486,False,6
30%,0.3,0.6952295423469005,0.09451334021104398,0.864054482075095,False,6
40%,0.4,0.6952295423469005,0.094457128447017,0.8641353356070627,False,6
50%,0.5,0.6952295423469005,0.0968545131019572,0.8606870001884508,False,6
