threshold,baseline_homogenization,with_mechanisms_homogenization,improvement,improvement_percent
No limit,0.8635382194740804,0.7211971416043815,0.14234107786969885,16.48347168193536
18.36%,0.808339705251925,0.7088982206966963,0.09944148455522872,12.301942352842492
20%,0.8333251877433486,0.7181346789297808,0.11519050881356785,13.822996173379169
30%,0.864054482075095,0.7211144965148617,0.14293998556023335,16.542936646419758
40%,0.8641353356070627,0.7256992354286085,0.1384361001784542,16.020187402844904
50%,0.8606870001884508,0.7236838938376815,0.1370031063507693,15.917877965017704
