threshold,threshold_value,initial_diversity,final_diversity,homogenization_rate,use_mechanisms,num_months
No limit,1.0,0.6952295423469005,0.1938319836473935,0.7211971416043815,True,6
18.36%,0.1836,0.6952295423469005,0.2023825568014043,0.7088982206966963,True,6
20%,0.2,0.6952295423469005,0.19596109817111068,0.7181346789297808,True,6
30%,0.3,0.6952295423469005,0.19388944095515764,0.7211144965148617,True,6
40%,0.4,0.6952295423469005,0.19070199501837343,0.7256992354286085,True,6
50%,0.5,0.6952295423469005,0.19210312003030627,0.7236838938376815,True,6
